baselength, perimeter, slantHeight, expectedArea
1, 4, 1, 3
2, 8, 3, -8
3, 12, 5.196152422706632, 24.382685902179844
